zip_code,lat,long,population
28672,36.4833793640137,-81.3266754150391,35
28673,35.6177177429199,-80.9987564086914,5919
28675,36.5031623840332,-81.1350326538086,6621
28676,36.331859588623,-80.855339050293,3483
28677,35.7380981445312,-80.9260864257812,32940
28678,35.821720123291,-81.0608444213867,5226
28679,36.2612113952637,-81.8283767700195,2064
28681,35.922679901123,-81.2230606079102,25910
28682,35.5882530212402,-80.9651565551758,1129
28683,36.390438079834,-80.9110107421875,1697
28684,36.3344497680664,-81.6067733764648,2141
28685,36.3607902526855,-81.0598297119141,2076
28689,36.0365562438965,-80.9408950805664,1712
28690,35.7327346801758,-81.5742263793945,9295
28692,36.2675361633301,-81.8084869384766,4067
28693,36.4717712402344,-81.5590057373047,1700
28694,36.3663368225098,-81.468017578125,7744
28697,36.1340065002441,-81.1657180786133,12930
28698,36.340892791748,-81.7362823486328,2256
28701,35.7050971984863,-82.6364669799805,3635
28702,35.4056015014648,-83.6052398681641,366
28704,35.4584655761719,-82.5815811157227,18821
28705,36.0326919555664,-82.1562347412109,6715
28707,35.397388458252,-83.065803527832,94
28708,35.271411895752,-82.8627014160156,754
28709,35.7716255187988,-82.3818206787109,2225
28711,35.6052665710449,-82.2918472290039,13209
28712,35.1733093261719,-82.7708282470703,19347
28713,35.3734931945801,-83.4959869384766,8686
28714,35.8894538879395,-82.3041152954102,16753
28715,35.5119667053223,-82.7117004394531,24582
28716,35.4393310546875,-82.8479461669922,17477
28717,35.0494613647461,-83.0933685302734,1729
28718,35.1591720581055,-82.6349334716797,553
28719,35.5178871154785,-83.3341827392578,8048
28720,35.451057434082,-82.2535171508789,114
28721,35.662670135498,-82.95849609375,10063
28722,35.2084617614746,-82.0610122680664,6371
28723,35.3142051696777,-83.0261306762695,11329
28725,35.3666458129883,-83.2550811767578,43
28726,35.2809982299805,-82.4165573120117,3203
28729,35.3203964233398,-82.6006240844727,2894
28730,35.5174217224121,-82.378044128418,9133
28731,35.2880363464355,-82.3946685791016,7778
28732,35.4517478942871,-82.4457397460938,16491
28733,35.4288597106934,-83.8141708374023,21
28734,35.189079284668,-83.4122619628906,27040
28735,35.4757041931152,-82.3504257202148,256
28736,35.1756591796875,-83.0864639282227,787
28739,35.2561111450195,-82.5437088012695,19786
28740,36.0912857055664,-82.2729797363281,1364
28741,35.0559196472168,-83.2111740112305,3197
28742,35.3826446533203,-82.6506500244141,2710
28743,35.8003616333008,-82.8811416625977,2125
28745,35.5252838134766,-82.9720458984375,551
28746,35.4771957397461,-82.1617050170898,2388
28747,35.1551818847656,-82.9226608276367,2198
28748,35.6495895385742,-82.7577285766602,11334
28749,35.8406372070312,-82.0987396240234,50
28751,35.5050086975098,-83.1207046508789,2916
28752,35.7095985412598,-82.0355758666992,30600
28753,35.8640785217285,-82.7127304077148,11670
28754,35.8755340576172,-82.5156631469727,7679
28756,35.3519248962402,-82.1862716674805,4504
28757,35.6497459411621,-82.3085632324219,280
28759,35.3814468383789,-82.5885925292969,6922
28761,35.690315246582,-81.9068450927734,7816
28762,35.6267890930176,-82.2315826416016,6857
28763,35.0285949707031,-83.4666137695312,2725
28766,35.2510414123535,-82.6198348999023,1262
28768,35.3242034912109,-82.7067489624023,6813
28771,35.3470191955566,-83.8428115844727,8558
28772,35.1169662475586,-82.8272171020508,1239
28773,35.2654457092285,-82.309700012207,3378
28774,35.0934448242188,-82.9948577880859,1013
28775,35.0213317871094,-83.3218307495117,296
28777,35.9044303894043,-82.0685348510742,10638
28778,35.6288795471191,-82.4054718017578,10381
28779,35.3570022583008,-83.215934753418,16111
28781,35.2240562438965,-83.6354827880859,939
28782,35.2340240478516,-82.149040222168,6584
28783,35.2621421813965,-83.0104141235352,1593
28785,35.6532707214355,-83.1396331787109,7338
28786,35.4620056152344,-82.9890670776367,20714
28787,35.7412528991699,-82.5155792236328,19718
28789,35.4070587158203,-83.316780090332,5097
28790,35.2004814147949,-82.524772644043,3205
28791,35.3561058044434,-82.5081787109375,14171
28792,35.3830070495605,-82.3699035644531,32689
28801,35.5943489074707,-82.5579147338867,15019
28803,35.5317039489746,-82.5230178833008,28693
28804,35.6484527587891,-82.5638046264648,20507
28805,35.6337547302246,-82.4831771850586,17620
28806,35.5719718933105,-82.6147308349609,38550
28901,35.1980934143066,-83.8103561401367,5354
28902,35.02294921875,-83.9582977294922,1373
28904,35.0686302185059,-83.7335968017578,8533
28905,35.1639518737793,-83.9400787353516,3129
28906,35.1001358032227,-84.1385955810547,18475
28909,35.0016098022461,-83.9047546386719,1030
27006,35.9390029907227,-80.4402618408203,14150
27007,36.389720916748,-80.5884704589844,2162
27009,36.2309303283691,-80.0786590576172,2647
27011,36.2165069580078,-80.6985168457031,5497
27012,36.0024566650391,-80.3792877197266,25461
27013,35.7504920959473,-80.7000732421875,6057
27014,35.8100471496582,-80.5557403564453,840
27016,36.4474601745605,-80.2188186645508,1936
27017,36.3820152282715,-80.756217956543,9597
27018,36.1971054077148,-80.5182342529297,7655
27019,36.2868843078613,-80.2377243041992,4032
27020,36.1029243469238,-80.8040542602539,6421
27021,36.3193893432617,-80.3385925292969,18106
27022,36.5121650695801,-80.2156066894531,1560
27023,36.0897827148438,-80.4567108154297,11873
27024,36.5192375183105,-80.841178894043,2733
27025,36.3790512084961,-79.9693832397461,11138
27027,36.4417572021484,-79.9888763427734,4385
27028,35.9227714538574,-80.5804443359375,25839
27030,36.489803314209,-80.6291656494141,38374
27040,36.1693115234375,-80.3930435180664,10893
27041,36.4252624511719,-80.4871978759766,7554
27042,36.3528175354004,-80.0642013549805,834
27043,36.3372535705566,-80.4518280029297,6615
27045,36.2343978881836,-80.2960662841797,8536
27046,36.5022201538086,-80.0782623291016,2024
27047,36.3141326904297,-80.5691146850586,1191
27048,36.4825134277344,-79.9176788330078,8609
27050,36.2264404296875,-80.4097061157227,3893
27051,36.1959457397461,-80.1534042358398,7369
27052,36.3207550048828,-80.1504516601562,10624
27053,36.4742774963379,-80.3478469848633,3007
27054,35.7925415039062,-80.5978851318359,2567
27055,36.1138305664062,-80.6310958862305,14200
27101,36.1108512878418,-80.2004318237305,18901
27103,36.0582313537598,-80.3214950561523,33208
27104,36.0936851501465,-80.3235321044922,28485
27105,36.1633758544922,-80.2337875366211,39568
27106,36.1439094543457,-80.3231582641602,45015
27107,36.0131568908691,-80.1754913330078,46963
27109,36.1339263916016,-80.2776336669922,2539
27110,36.0892601013184,-80.2249603271484,2127
27127,36.0207061767578,-80.2798156738281,34138
27201,36.0341720581055,-79.4848327636719,63
27203,35.7284622192383,-79.7865295410156,21108
27205,35.6382598876953,-79.8508682250977,33216
27207,35.6076126098633,-79.3905181884766,3795
27208,35.5632286071777,-79.5429306030273,1676
27209,35.3431015014648,-79.7534408569336,3933
27212,36.4809684753418,-79.2798538208008,2580
27214,36.2060546875,-79.6711273193359,10294
27215,36.027099609375,-79.4917984008789,38807
27217,36.1909446716309,-79.3801879882812,36954
27229,35.2656326293945,-79.7757339477539,3929
27231,36.2077217102051,-79.1694183349609,2148
27233,35.8925132751465,-79.7049789428711,3390
27235,36.0920295715332,-80.0114440917969,4136
27239,35.600658416748,-80.0902252197266,9079
27242,35.3296585083008,-79.6489562988281,2100
27243,36.0669174194336,-79.1981506347656,4337
27244,36.2153778076172,-79.4863662719727,14173
27248,35.7832946777344,-79.7163314819336,4524
27249,36.1541404724121,-79.582389831543,12486
27252,35.5666122436523,-79.3497543334961,2003
27253,35.9661674499512,-79.3473587036133,29827
27258,36.0108032226562,-79.2911987304688,6006
27260,35.9544677734375,-79.9878845214844,24023
27262,35.9631309509277,-80.0416641235352,23934
27263,35.9115219116211,-79.9367980957031,21414
27265,36.0123062133789,-80.0309524536133,46690
27278,36.0901947021484,-79.0869293212891,24286
27281,35.187442779541,-79.625114440918,3100
27282,35.988956451416,-79.9282836914062,15906
27283,35.951473236084,-79.6354217529297,3141
27284,36.1193313598633,-80.0773391723633,51136
27288,36.4976463317871,-79.7500152587891,24071
27291,36.4183158874512,-79.1684265136719,1662
27292,35.7383232116699,-80.2075500488281,39787
27295,35.8717651367188,-80.3101806640625,37211
27298,35.8851165771484,-79.5675430297852,10336
27299,35.7523231506348,-80.3861465454102,5190
27301,36.1135101318359,-79.665657043457,8750
27302,36.1420288085938,-79.2661819458008,26412
27305,36.5268058776855,-79.233757019043,1685
27306,35.225227355957,-79.9801864624023,6176
27310,36.174072265625,-79.9922332763672,6710
27311,36.4796524047852,-79.4725646972656,3402
27312,35.756404876709,-79.2097854614258,18306
27313,35.9314498901367,-79.7580490112305,6962
27314,36.310359954834,-79.1962509155273,1051
27315,36.5101890563965,-79.4035415649414,2243
27316,35.6970138549805,-79.6257934570312,6650
27317,35.8407363891602,-79.8024978637695,16959
27320,36.3416442871094,-79.6575241088867,39351
27325,35.4630851745605,-79.5840911865234,6704
27326,36.4641151428223,-79.5568466186523,4008
27330,35.5144081115723,-79.1954498291016,37947
27332,35.3847045898438,-79.1372146606445,30236
27340,35.945873260498,-79.3171691894531,120
27341,35.5237579345703,-79.6959075927734,5360
27343,36.5037269592285,-79.0914764404297,1716
27344,35.7222633361816,-79.4336929321289,18022
27349,35.9013137817383,-79.4160614013672,5511
27350,35.8082542419434,-79.8882141113281,6530
27355,35.7949676513672,-79.5740051269531,2660
27356,35.4368667602539,-79.8042755126953,3205
27357,36.2666015625,-79.9706268310547,7894
27358,36.2282333374023,-79.8800582885742,14075
27360,35.8605804443359,-80.0992889404297,46084
27370,35.8092803955078,-79.97802734375,15052
27371,35.4068565368652,-79.968147277832,8132
27376,35.2391662597656,-79.5350570678711,9386
27377,36.0426979064941,-79.6086883544922,7104
27379,36.3740997314453,-79.3345108032227,4661
27401,36.0691452026367,-79.7651596069336,21932
27403,36.0659713745117,-79.8243865966797,21958
27405,36.1153831481934,-79.7346420288086,44567
27406,36.0004539489746,-79.7639389038086,56458
27407,36.0085983276367,-79.8781585693359,46242
27408,36.1036682128906,-79.8137130737305,17296
27409,36.1037292480469,-79.939826965332,15621
27410,36.1175231933594,-79.8942413330078,52388
27455,36.187427520752,-79.8174362182617,28706
27501,35.4849395751953,-78.6845703125,17571
27502,35.7153244018555,-78.9210968017578,30831
27503,36.152946472168,-78.8844833374023,3471
27504,35.4003105163574,-78.5182800292969,14566
27505,35.4234733581543,-79.0010299682617,5896
27507,36.513542175293,-78.5694961547852,1929
27508,35.9568748474121,-78.2481460571289,2053
27509,36.1186408996582,-78.7809982299805,10167
27510,35.9157829284668,-79.0826034545898,14644
27511,35.7634124755859,-78.7885284423828,32029
27513,35.8021011352539,-78.8027191162109,40755
27514,35.966739654541,-79.0494155883789,32110
27516,35.9061965942383,-79.1548538208008,36139
27517,35.8504676818848,-79.0231246948242,23346
27518,35.7311401367188,-78.7732086181641,19630
27519,35.8087005615234,-78.8831176757812,39178
27520,35.6197242736816,-78.4770202636719,36357
27521,35.4121208190918,-78.6558685302734,6035
27522,36.1056175231934,-78.6752014160156,12335
27523,35.7736167907715,-78.9569244384766,9552
27524,35.3945617675781,-78.3875961303711,12338
27525,36.1360893249512,-78.4580993652344,13338
27526,35.5438575744629,-78.8297805786133,38894
27527,35.6539497375488,-78.3817138671875,18216
27529,35.6558036804199,-78.5864944458008,42128
27530,35.3811721801758,-78.0625152587891,40117
27531,35.3429946899414,-77.9644088745117,594
27534,35.3692741394043,-77.8868713378906,31364
27536,36.326732635498,-78.4091262817383,17289
27537,36.3717994689941,-78.3978805541992,24319
27539,35.6765365600586,-78.8134460449219,18692
27540,35.6219825744629,-78.8630905151367,29363
27541,36.2648620605469,-79.0832138061523,3770
27542,35.618293762207,-78.1368408203125,9133
27544,36.1997299194336,-78.4465560913086,4449
27545,35.7837181091309,-78.4782409667969,23006
27546,35.3853187561035,-78.8621063232422,19471
27549,36.1016616821289,-78.2322311401367,24112
27551,36.4328422546387,-78.0501708984375,1962
27553,36.486499786377,-78.3027954101562,2937
27555,35.5626831054688,-78.2041320800781,441
27556,36.408317565918,-78.3148345947266,346
27557,35.7791366577148,-78.1985092163086,7509
27559,35.6282119750977,-79.1028213500977,2288
27560,35.8578910827637,-78.8276977539062,22623
27562,35.6404304504395,-78.9900207519531,1938
27563,36.4157104492188,-78.2293853759766,5008
27565,36.3616523742676,-78.6489486694336,25255
27568,35.510124206543,-78.2451019287109,480
27569,35.4290657043457,-78.182746887207,8022
27571,35.919490814209,-78.4580383300781,3893
27572,36.2551078796387,-78.8774948120117,6546
27573,36.396598815918,-78.9760971069336,11414
27574,36.4783592224121,-78.8649139404297,14373
27576,35.577522277832,-78.2613143920898,17091
27577,35.4896392822266,-78.332893371582,22911
27581,36.1996078491211,-78.7289886474609,3049
27582,36.4673233032227,-78.5765914916992,289
27583,36.2929573059082,-78.9353637695312,6921
27587,35.9813804626465,-78.5575866699219,53078
27589,36.3225402832031,-78.1334838867188,8370
27591,35.7841682434082,-78.3889846801758,19589
27592,35.5573806762695,-78.6722717285156,15244
27596,35.9999008178711,-78.4350891113281,15619
27597,35.8410148620605,-78.3026809692383,22181
27601,35.7736320495605,-78.6344604492188,9450
27603,35.6644172668457,-78.6527481079102,47033
27604,35.8227882385254,-78.5616455078125,42204
27605,35.7906112670898,-78.6545944213867,4495
27606,35.7423248291016,-78.7154769897461,43210
27607,35.8131065368652,-78.7211761474609,25188
27608,35.8090476989746,-78.6472244262695,10429
27609,35.8437652587891,-78.6336441040039,32964
27610,35.7444000244141,-78.5462799072266,65648
27612,35.8557548522949,-78.7070388793945,35028
27613,35.9261016845703,-78.7114105224609,42690
27614,35.945930480957,-78.6194915771484,31516
27615,35.8984985351562,-78.6354827880859,42166
27616,35.8665161132812,-78.5413055419922,42294
27617,35.9078750610352,-78.7729568481445,15199
27701,35.9992408752441,-78.8979415893555,21288
27703,35.9592514038086,-78.8068237304688,41937
27704,36.0424461364746,-78.8287734985352,34517
27705,36.0221366882324,-78.9756622314453,46282
27707,35.9545249938965,-78.9533157348633,45023
27709,35.9243927001953,-78.832763671875,1047
27712,36.0954742431641,-78.9040832519531,20035
27713,35.8950386047363,-78.9237442016602,46660
27801,35.913444519043,-77.725700378418,21740
27803,35.9030494689941,-77.8561706542969,21227
27804,35.9891700744629,-77.8427124023438,29058
27805,36.2077484130859,-77.0842666625977,3992
27806,35.3050003051758,-76.7560653686523,2331
27807,35.804515838623,-78.0955352783203,6629
27808,35.4670906066895,-76.7597503662109,2225
27809,36.0167770385742,-77.7416229248047,5091
27810,35.531810760498,-76.5253982543945,4377
27812,35.8156089782715,-77.369255065918,2593
27813,35.6347007751465,-77.9377136230469,747
27814,35.3986625671387,-76.9188079833984,1676
27816,36.1002883911133,-78.0643692016602,2516
27817,35.4479827880859,-77.0719985961914,7358
27818,36.4997253417969,-77.0185012817383,1344
27819,35.8160057067871,-77.454948425293,330
27820,36.421516418457,-77.241569519043,3088
27821,35.3220672607422,-76.8740844726562,358
27822,35.8070106506348,-77.8404541015625,8143
27823,36.2096519470215,-77.7137298583984,8201
27824,35.5132102966309,-76.0371704101562,1476
27825,35.8328056335449,-77.1744232177734,103
27826,35.5954780578613,-76.2062454223633,1379
27827,35.6966361999512,-77.5132369995117,33
27828,35.5851516723633,-77.5771942138672,9071
27829,35.6838989257812,-77.6263580322266,1930
27830,35.5641670227051,-77.950309753418,4755
27831,36.4630851745605,-77.570556640625,3908
27832,36.5198097229004,-77.7401275634766,2847
27834,35.6572952270508,-77.3791885375977,52914
27837,35.5138664245605,-77.2045974731445,5903
27839,36.284912109375,-77.5568771362305,4001
27840,35.9826889038086,-77.214599609375,514
27841,35.9085006713867,-77.2763214111328,84
27842,36.5267486572266,-77.8519897460938,1493
27843,35.995532989502,-77.4000015258789,1157
27844,36.2494964599609,-77.9431533813477,2950
27845,36.371265411377,-77.4399871826172,2394
27846,35.7585678100586,-76.8975296020508,2988
27847,36.1831703186035,-77.1946716308594,936
27849,36.0773048400879,-77.2150268554688,1544
27850,36.4123916625977,-77.8801879882812,7247
27851,35.6400833129883,-78.0306777954102,5268
27852,35.7504577636719,-77.6369323730469,2977
27853,36.5085792541504,-77.2856292724609,673
27855,36.4155578613281,-77.0693359375,6456
27856,36.0136795043945,-77.9805755615234,17141
27857,35.9727935791016,-77.2862548828125,1298
27858,35.5317497253418,-77.2838897705078,55781
27860,35.6500625610352,-76.6761932373047,2246
27861,35.8148765563965,-77.3201141357422,71
27862,36.4901733398438,-77.1882934570312,877
27863,35.4881439208984,-77.9717330932617,11735
27864,35.8070335388184,-77.6513748168945,4779
27865,35.6562385559082,-76.8516082763672,1927
27866,36.5198707580566,-77.5145645141602,855
27869,36.2671051025391,-77.3134307861328,2258
27870,36.4189338684082,-77.7157592773438,27236
27871,35.8020706176758,-77.2605667114258,4619
27872,36.192756652832,-77.2538681030273,375
27873,35.6535911560059,-77.7752304077148,397
27874,36.1301078796387,-77.3932266235352,4861
27875,35.4557075500488,-76.5046691894531,517
27876,36.471996307373,-77.3913345336914,1302
27878,35.8668785095215,-77.8349304199219,1931
27879,35.574390411377,-77.2794876098633,311
27880,35.7307357788086,-78.0805892944336,3304
27881,35.9784126281738,-77.4365692138672,61
27882,35.9416542053223,-78.1156005859375,7413
27883,35.6005363464355,-77.8036956787109,3565
27884,35.7035217285156,-77.2666320800781,1282
27885,35.3864135742188,-76.2858581542969,984
27886,35.9045333862305,-77.5116577148438,21591
27888,35.5892753601074,-77.715950012207,2560
27889,35.5913734436035,-77.0036926269531,27468
27890,36.4141807556152,-77.5877456665039,2521
27891,36.0977363586426,-77.742790222168,5227
27892,35.8123207092285,-77.051628112793,15182
27893,35.6889495849609,-77.8966751098633,39723
27896,35.7907676696777,-77.9767303466797,20130
27897,36.3249969482422,-77.2107086181641,2265
27909,36.2886047363281,-76.2687377929688,40699
27910,36.2900657653809,-76.9931869506836,12007
27915,35.406177520752,-75.4919891357422,777
27916,36.3220138549805,-75.9151306152344,747
27917,36.3551445007324,-75.9974822998047,833
27919,36.3081703186035,-76.504280090332,1130
27920,35.2595176696777,-75.5532684326172,1326
27921,36.3520622253418,-76.1879272460938,4805
27922,36.3167533874512,-76.8422088623047,1030
27923,36.3962440490723,-75.9311141967773,598
27924,36.1684455871582,-76.83251953125,3140
27925,35.8561401367188,-76.1938400268555,4217
27926,36.5051155090332,-76.6049270629883,1915
27927,36.3413162231445,-75.8525619506836,542
27928,35.8245391845703,-76.4386596679688,1986
27929,36.4331321716309,-75.9882202148438,1166
27932,36.1007843017578,-76.6108169555664,12562
27935,36.431079864502,-76.8680953979492,1698
27936,35.2394218444824,-75.564582824707,1091
27937,36.5043334960938,-76.7807312011719,4333
27938,36.3842964172363,-76.7160034179688,1505
27939,36.2383995056152,-75.8430786132812,2361
27941,36.1025276184082,-75.81689453125,536
27942,36.2973594665527,-76.7506713867188,901
27943,35.2244338989258,-75.6789016723633,504
27944,36.1734313964844,-76.4212646484375,11909
27946,36.3634338378906,-76.6015396118164,1207
27947,36.2169609069824,-75.8915786743164,1230
27948,36.019229888916,-75.6921691894531,10862
27949,36.1088905334473,-75.7605514526367,6947
27950,36.5096778869629,-75.9963531494141,2006
27953,35.7799835205078,-75.8813629150391,1021
27954,35.9101219177246,-75.6778793334961,6111
27956,36.4015769958496,-76.0007247924805,340
27957,36.0662956237793,-76.7590560913086,1356
27958,36.4842987060547,-76.1383514404297,10144
27959,35.8869438171387,-75.6063995361328,2789
27960,35.0732307434082,-75.9985275268555,948
27962,35.7904624938965,-76.744743347168,7792
27964,36.0830459594727,-75.8062133789062,545
27965,36.2924003601074,-75.9308700561523,527
27966,36.1497573852539,-75.8022766113281,1052
27967,36.2294998168945,-76.904914855957,366
27968,35.7324180603027,-75.5099105834961,298
27970,35.8391380310059,-76.6504058837891,3409
27972,35.5524597167969,-75.4712982177734,244
27973,36.371208190918,-76.0555114746094,1323
27974,36.2430229187012,-75.989501953125,1285
27976,36.5051727294922,-76.3943786621094,3449
27978,35.7274055480957,-75.739875793457,225
27979,36.436767578125,-76.560676574707,1719
27980,36.2453231811523,-76.619384765625,2182
27981,35.852855682373,-75.6374206542969,1643
27982,35.5658988952637,-75.4654846191406,82
27983,35.970458984375,-76.9218673706055,10416
27985,36.2116012573242,-76.456672668457,283
27986,36.3889808654785,-76.9183349609375,2430
28001,35.338550567627,-80.2081756591797,26760
28006,35.4104423522949,-81.0922546386719,1130
28007,35.1045913696289,-80.1099090576172,611
28009,35.407844543457,-80.1071929931641,1121
28012,35.2115058898926,-81.0378646850586,20048
28016,35.3149337768555,-81.2832946777344,13463
28017,35.2470817565918,-81.6706848144531,695
28018,35.485725402832,-81.790397644043,5562
28019,35.2767028808594,-81.7877044677734,123
28020,35.5249900817871,-81.6413192749023,2322
28021,35.4007720947266,-81.4033432006836,13612
28023,35.5677146911621,-80.6022567749023,14175
28025,35.3825645446777,-80.5234451293945,49160
28027,35.407039642334,-80.6858749389648,55435
28031,35.4699211120605,-80.8953552246094,24390
28032,35.2330322265625,-81.0795135498047,3105
28033,35.4192695617676,-81.328254699707,2749
28034,35.3536643981934,-81.1789398193359,16642
28036,35.4805488586426,-80.7925415039062,14654
28037,35.4954872131348,-81.0184860229492,18287
28039,35.6788368225098,-80.4374237060547,116
28040,35.3891944885254,-81.7581329345703,7969
28043,35.3062400817871,-81.8725967407227,21055
28052,35.214656829834,-81.2332305908203,34932
28054,35.2628784179688,-81.1490783691406,36270
28056,35.2169342041016,-81.125,31418
28071,35.5176315307617,-80.316291809082,2802
28072,35.614070892334,-80.4452056884766,1357
28073,35.1985740661621,-81.4837799072266,5621
28075,35.3027000427246,-80.6398468017578,16143
28076,35.2591552734375,-81.7886123657227,722
28077,35.4048004150391,-81.202766418457,482
28078,35.4052848815918,-80.8640213012695,52133
28079,35.1147117614746,-80.6004257202148,31979
28080,35.4567451477051,-81.1056823730469,7299
28081,35.502815246582,-80.6701736450195,25190
28083,35.4896011352539,-80.5806655883789,23820
28086,35.2442436218262,-81.3778305053711,25895
28088,35.5442771911621,-80.6146469116211,2862
28089,35.3182334899902,-81.6595764160156,248
28090,35.4546585083008,-81.5595550537109,8342
28091,34.9873924255371,-79.9329986572266,2158
28092,35.4857597351074,-81.2545547485352,38570
28097,35.2966842651367,-80.3930587768555,5369
28098,35.2711334228516,-81.1007843017578,3579
28101,35.2580986022949,-81.0780639648438,698
28102,34.8184394836426,-79.9722671508789,78
28103,34.9989318847656,-80.3513107299805,10311
28104,35.0605697631836,-80.6928329467773,28040
28105,35.1154327392578,-80.7135009765625,39586
28107,35.2529640197754,-80.5180358886719,6422
28108,34.9347877502441,-80.6811447143555,54
28109,35.496955871582,-80.2885665893555,387
28110,35.0660438537598,-80.5090866088867,50365
28112,34.8899230957031,-80.5495452880859,26311
28114,35.2304420471191,-81.7477035522461,7554
28115,35.5849685668945,-80.7723693847656,34339
28117,35.5656967163086,-80.8983383178711,35454
28119,34.8510780334473,-80.0169830322266,2801
28120,35.328685760498,-81.0263824462891,19807
28124,35.3997383117676,-80.4086303710938,6622
28125,35.6590232849121,-80.698616027832,2525
28127,35.4743041992188,-80.1905822753906,7594
28128,35.2106971740723,-80.1545257568359,7476
28129,35.2315940856934,-80.3271636962891,5399
28133,34.8449249267578,-80.2656784057617,2878
28134,35.085334777832,-80.8933868408203,9453
28135,35.0297584533691,-80.2172775268555,6123
28137,35.5631103515625,-80.2363891601562,3120
28138,35.5144424438477,-80.4373550415039,10495
28139,35.3483619689941,-81.9947357177734,20111
28144,35.7066841125488,-80.4647903442383,24734
28146,35.6192436218262,-80.3933486938477,27614
28147,35.6810607910156,-80.5630187988281,24697
28150,35.3427047729492,-81.5762481689453,28098
28152,35.2427215576172,-81.5994110107422,24735
28159,35.694751739502,-80.4318695068359,3108
28160,35.3610076904297,-81.9223327636719,3929
28163,35.2074203491211,-80.4285354614258,5233
28164,35.3894424438477,-81.0371322631836,14085
28166,35.6803436279297,-80.8681793212891,8619
28167,35.5067520141602,-81.96728515625,2362
28168,35.552360534668,-81.4250717163086,10230
28169,35.358470916748,-81.4293975830078,173
28170,34.9987144470215,-80.0987854003906,12355
28173,34.9161567687988,-80.7314147949219,45097
28174,34.9690361022949,-80.439582824707,8608
28202,35.2272720336914,-80.8441925048828,11195
28203,35.2081832885742,-80.8591079711914,11315
28204,35.2146186828613,-80.8270111083984,4796
28205,35.2187881469727,-80.7895965576172,43931
28206,35.2561264038086,-80.8209991455078,11898
28207,35.194149017334,-80.8245849609375,9280
28208,35.2304649353027,-80.9072418212891,34167
28209,35.1787147521973,-80.8539886474609,20317
28210,35.1305084228516,-80.8566818237305,42263
28211,35.1663436889648,-80.7972869873047,28523
28212,35.1877021789551,-80.7445526123047,38457
28213,35.2859764099121,-80.7343978881836,37309
28214,35.2752532958984,-80.968147277832,34721
28215,35.2449798583984,-80.693473815918,53629
28216,35.3121032714844,-80.8887100219727,47208
28217,35.1687431335449,-80.9083633422852,24204
28226,35.1026954650879,-80.8221282958984,37286
28227,35.189567565918,-80.6454086303711,49635
28244,35.2246055603027,-80.8430938720703,0
28262,35.3220443725586,-80.739990234375,37547
28269,35.3373146057129,-80.8034744262695,71048
28270,35.1120338439941,-80.7646026611328,31525
28273,35.1273574829102,-80.9468460083008,31478
28277,35.0528755187988,-80.8175506591797,59664
28278,35.1330642700195,-81.0093002319336,19283
28280,35.2263336181641,-80.8430938720703,10
28282,35.2248153686523,-80.8452758789062,0
28301,35.0747985839844,-78.8842544555664,17165
28303,35.0856323242188,-78.959358215332,30909
28304,35.0255279541016,-78.9896011352539,37147
28305,35.0526084899902,-78.9072418212891,6073
28306,34.95849609375,-78.8968505859375,39683
28307,35.138557434082,-78.9818878173828,17631
28308,35.1715507507324,-79.0170822143555,405
28310,35.1631889343262,-79.0379638671875,3459
28311,35.1677703857422,-78.8886947631836,34567
28312,34.94775390625,-78.7381362915039,18538
28314,35.0529861450195,-79.0294494628906,54520
28315,35.1173057556152,-79.4315338134766,11681
28318,35.0198745727539,-78.6135711669922,4627
28320,34.5581207275391,-78.7727127075195,9229
28323,35.3147926330566,-78.8343734741211,3182
28325,35.153923034668,-78.1041412353516,508
28326,35.26904296875,-79.1546936035156,17646
28327,35.3546142578125,-79.4164962768555,15433
28328,35.0035018920898,-78.3379211425781,27042
28330,34.909595489502,-79.8219833374023,346
28332,34.659049987793,-78.737907409668,482
28333,35.2861328125,-78.0173721313477,11830
28334,35.2722091674805,-78.5681076049805,24908
28337,34.6570472717285,-78.5615615844727,10670
28338,35.1075134277344,-79.7596435546875,4607
28339,35.3105392456055,-78.7327499389648,6751
28340,34.4713554382324,-79.1344223022461,10765
28341,35.1198768615723,-78.1744384765625,4257
28342,35.1911811828613,-78.6512603759766,298
28343,34.7573623657227,-79.5648727416992,1685
28344,35.1604995727539,-78.6245727539062,3415
28345,34.870288848877,-79.665641784668,12592
28347,35.0622673034668,-79.6316604614258,1983
28348,34.9149742126465,-78.9270172119141,33307
28349,34.9811592102051,-77.9270553588867,3724
28350,35.2431602478027,-79.3140182495117,305
28351,34.8482704162598,-79.563850402832,4759
28352,34.7678413391113,-79.4517288208008,25641
28356,35.2370185852051,-78.790397644043,5018
28357,34.9020805358887,-79.0829925537109,3125
28358,34.6078567504883,-78.9347686767578,38738
28360,34.6703262329102,-79.0749435424805,14263
28363,34.9607810974121,-79.5546646118164,1202
28364,34.7079277038574,-79.3226776123047,14809
28365,35.1723289489746,-78.0522842407227,17144
28366,35.2302284240723,-78.3620147705078,5061
28367,35.1726913452148,-79.7252502441406,87
28369,34.4233741760254,-79.0294189453125,2652
28371,34.9031600952148,-78.9795532226562,6519
28372,34.6968727111816,-79.177619934082,14783
28373,35.0934715270996,-79.485595703125,2150
28374,35.197452545166,-79.4629592895508,15990
28375,34.4757423400879,-79.0385513305664,102
28376,34.9924087524414,-79.2426452636719,37991
28377,34.8268890380859,-79.2132339477539,12666
28379,34.9308662414551,-79.7800369262695,26388
28382,34.9713363647461,-78.5177307128906,7056
28383,34.5769729614258,-79.2626953125,8080
28384,34.7969360351562,-78.9609985351562,12097
28385,35.0500068664551,-78.4772262573242,3029
28386,34.8536186218262,-79.1296157836914,6319
28387,35.1791229248047,-79.3764114379883,13921
28390,35.2196388244629,-78.955810546875,19942
28391,35.0216293334961,-78.6987991333008,5302
28392,34.7353286743164,-78.8009567260742,1579
28393,34.981086730957,-78.1894836425781,2005
28394,35.217456817627,-79.2415390014648,5164
28395,35.1385116577148,-78.7413635253906,2375
28396,34.9141616821289,-79.3974838256836,2732
28398,34.9897766113281,-78.0641479492188,8112
28399,34.7845230102539,-78.7090148925781,2140
28401,34.272144317627,-77.9620208740234,22094
28403,34.2216911315918,-77.8806304931641,36063
28405,34.26318359375,-77.8663787841797,29152
28409,34.1551208496094,-77.8621597290039,31296
28411,34.3018074035645,-77.7930908203125,31962
28412,34.1437568664551,-77.9281539916992,35573
28420,34.0736770629883,-78.4838485717773,3886
28421,34.5051231384277,-78.1670455932617,1521
28422,34.0263710021973,-78.1893157958984,6641
28423,34.3139038085938,-78.3888931274414,2290
28424,34.2902870178223,-78.6996841430664,128
28425,34.5620536804199,-77.8962783813477,10906
28428,34.0468559265137,-77.9096755981445,6033
28429,34.3412094116211,-77.9002151489258,8026
28430,34.3034362792969,-78.9453659057617,1900
28431,34.3143196105957,-78.8395004272461,7102
28432,34.1680335998535,-78.7587127685547,1968
28433,34.4885063171387,-78.6166763305664,5050
28434,34.4683265686035,-78.4654846191406,1329
28435,34.4059562683105,-78.1092300415039,2490
28436,34.2751007080078,-78.2672119140625,2203
28438,34.4094848632812,-78.9188461303711,1845
28439,34.2868156433105,-79.0013809204102,1595
28441,34.8114585876465,-78.4274139404297,3198
28442,34.2829246520996,-78.6134262084961,1647
28443,34.4450378417969,-77.6757125854492,17512
28444,34.6883125305176,-78.319953918457,2085
28445,34.4839668273926,-77.5563201904297,5676
28447,34.6222496032715,-78.2773284912109,1391
28448,34.5201568603516,-78.3631744384766,1243
28449,33.9788093566895,-77.9337463378906,1692
28450,34.3244171142578,-78.515266418457,2438
28451,34.2341423034668,-78.0944595336914,27112
28452,33.9916038513184,-78.5495681762695,694
28453,34.8864402770996,-78.0762557983398,3829
28454,34.6782875061035,-77.6509170532227,2545
28455,34.1116561889648,-78.6317977905273,2117
28456,34.3749732971191,-78.2872009277344,3658
28457,34.4495964050293,-77.8866348266602,9905
28458,34.8147773742676,-78.0907897949219,6444
28460,34.5412979125977,-77.4182357788086,7652
28461,33.9673194885254,-78.0587463378906,16126
28462,34.0264892578125,-78.2896575927734,11680
28463,34.1097640991211,-78.7764663696289,9799
28464,34.7822418212891,-78.0210876464844,2457
28465,33.9123153686523,-78.1025466918945,6531
28466,34.7407684326172,-77.8757019042969,10103
28467,33.9180107116699,-78.5919647216797,8703
28468,33.8996505737305,-78.5192108154297,4375
28469,33.9264297485352,-78.4668197631836,5839
28470,33.964183807373,-78.4035491943359,10644
28472,34.2990493774414,-78.6911697387695,19658
28478,34.6428413391113,-78.0420379638672,4588
28479,34.1006889343262,-78.0165100097656,4903
28480,34.2257347106934,-77.7973327636719,2473
28501,35.2424201965332,-77.5141220092773,20389
28504,35.2245635986328,-77.6348648071289,21642
28508,35.099666595459,-77.8247909545898,2737
28510,34.9876136779785,-76.8044586181641,1502
28511,34.9011154174805,-76.3457641601562,694
28512,34.7121505737305,-76.7934188842773,2896
28513,35.4415283203125,-77.3888854980469,10346
28515,35.1840667724609,-76.6993865966797,2915
28516,34.9051246643066,-76.5528335571289,11431
28518,34.8948211669922,-77.7474899291992,7909
28519,35.1197242736816,-77.0269775390625,404
28520,34.9942092895508,-76.3233032226562,327
28521,34.8179016113281,-77.7366180419922,2287
28523,35.2113571166992,-77.2845993041992,2456
28524,34.7909393310547,-76.4685668945312,426
28525,35.1322898864746,-77.6866683959961,3132
28526,35.26123046875,-77.3719329833984,2489
28527,35.259464263916,-77.0304412841797,1140
28528,34.7320594787598,-76.5386657714844,644
28529,35.0705261230469,-76.8547592163086,2193
28530,35.3747673034668,-77.4152984619141,7332
28531,34.6980400085449,-76.5555648803711,1207
28532,34.8960113525391,-76.8907852172852,23320
28533,34.9028701782227,-76.9014739990234,2952
28537,35.2376823425293,-76.5258102416992,137
28538,35.4166450500488,-77.5650787353516,2175
28539,34.6942329406738,-77.2029647827148,15469
28540,34.7549819946289,-77.503791809082,49252
28543,34.7360572814941,-77.375617980957,4699
28544,34.718090057373,-77.3086700439453,5368
28546,34.7991561889648,-77.3561630249023,42696
28547,34.6690254211426,-77.3669662475586,21884
28551,35.3213233947754,-77.7808532714844,14093
28552,35.3037948608398,-76.5558013916016,254
28553,34.7295989990234,-76.5123748779297,454
28554,35.4784812927246,-77.5861206054688,243
28555,34.8633079528809,-77.221794128418,5175
28556,35.1140022277832,-76.6255798339844,963
28557,34.7389602661133,-76.7492294311523,14429
28560,35.1266937255859,-76.9776306152344,28921
28562,35.0798797607422,-77.1258926391602,36176
28570,34.7814865112305,-76.8574981689453,21432
28571,35.0707740783691,-76.6892395019531,2585
28572,35.0278968811035,-77.7364196777344,6531
28573,34.984806060791,-77.1482543945312,2176
28574,34.8789291381836,-77.5895843505859,15102
28575,34.7079582214355,-76.8835678100586,316
28577,34.8648376464844,-76.3731842041016,522
28578,35.1969528198242,-77.8569717407227,6363
28579,34.7590980529785,-76.5102920532227,622
28580,35.4532737731934,-77.6795349121094,12657
28581,34.8442573547363,-76.4355545043945,214
28582,34.7482833862305,-77.1504592895508,1588
28583,35.1387557983398,-76.7415466308594,281
28584,34.7367668151855,-77.0776214599609,11396
28585,35.0769233703613,-77.4124069213867,3942
28586,35.3135566711426,-77.1674957275391,8218
28587,35.1927299499512,-76.6616592407227,369
28589,34.812858581543,-76.5050582885742,180
28590,35.5206832885742,-77.4166641235352,23407
28594,34.6899032592773,-76.9696884155273,3655
28601,35.7723922729492,-81.32666015625,50026
28602,35.6698875427246,-81.3892059326172,28981
28604,36.180290222168,-81.8591232299805,6249
28605,36.129638671875,-81.6949310302734,3412
28606,36.0534858703613,-81.3221740722656,2158
28607,36.2180061340332,-81.6521377563477,33059
28609,35.6716918945312,-81.0556030273438,5864
28610,35.7303237915039,-81.1353073120117,9913
28611,36.0109710693359,-81.735237121582,885
28612,35.650390625,-81.5375595092773,12397
28613,35.7376861572266,-81.2076797485352,22759
28615,36.4586791992188,-81.6606216430664,1876
28616,36.0230712890625,-81.9201889038086,493
28617,36.4807014465332,-81.3619766235352,2261
28618,36.2081642150879,-81.5167694091797,2352
28619,35.758602142334,-81.6024932861328,1520
28621,36.2756500244141,-80.9146270751953,10472
28622,36.1926689147949,-81.9473495483398,2527
28623,36.5288276672363,-80.9737014770508,1653
28624,36.1283569335938,-81.4117736816406,1639
28625,35.8695678710938,-80.8896408081055,36189
28626,36.2925758361816,-81.5176315307617,2714
28627,36.4555549621582,-81.0044403076172,1152
28628,35.7263298034668,-81.7851104736328,479
28629,36.3465347290039,-81.3687362670898,75
28630,35.8319778442383,-81.4201736450195,20041
28631,36.547477722168,-81.4103546142578,637
28634,35.9728012084961,-80.7571716308594,5225
28635,36.3054618835449,-81.1260452270508,3901
28636,35.9394264221191,-81.0634307861328,5522
28637,35.7180023193359,-81.4193572998047,1746
28638,35.8450927734375,-81.4779357910156,12302
28640,36.4048728942871,-81.3993988037109,4719
28642,36.2183990478516,-80.8203125,5745
28643,36.5290603637695,-81.5408782958984,3521
28644,36.4261589050293,-81.2778244018555,1494
28645,35.9788436889648,-81.5478363037109,47703
28646,36.0733299255371,-81.8470916748047,342
28647,35.9380226135254,-81.9730606079102,89
28649,36.3359909057617,-81.2120666503906,993
28650,35.5714263916016,-81.1583862304688,11883
28651,36.3062133789062,-81.3087844848633,7132
28652,36.1000328063965,-81.9871673583984,46
28654,36.0585174560547,-81.1593017578125,3495
28655,35.7632675170898,-81.7498626708984,54996
28657,36.0219917297363,-81.9424285888672,9488
28658,35.6376190185547,-81.23583984375,27022
28659,36.2159576416016,-81.1481704711914,21134
28660,35.9686164855957,-80.8562469482422,2249
28662,36.0215148925781,-81.8991241455078,140
28663,36.5320281982422,-81.3094100952148,614
28665,36.2097129821777,-81.375129699707,2571
28666,35.725269317627,-81.4706649780273,368
28667,35.7714958190918,-81.4262008666992,559
28668,36.407054901123,-80.9904861450195,300
28669,36.223445892334,-80.9898147583008,3146
28670,36.1943092346191,-80.9124908447266,2719
28671,35.7526702880859,-81.5279006958008,597
